datetime,open,high,low,close,volume,action
2022-11-24 04:00:00,16702.8,16728.6,16605.0,16613.8,49644.644,0
2022-11-24 08:00:00,16613.8,16631.1,16481.6,16567.1,65330.769,0
2022-11-24 12:00:00,16567.1,16598.0,16450.0,16549.0,57970.098,0
2022-11-24 16:00:00,16548.9,16669.6,16506.7,16569.0,67214.977,0
2022-11-24 20:00:00,16568.9,16628.0,16527.2,16592.4,28238.223,0
2022-11-25 00:00:00,16592.5,16610.0,16460.1,16480.3,42900.709,0
2022-11-25 04:00:00,16480.2,16493.4,16331.7,16453.8,67404.034,0
2022-11-25 08:00:00,16453.7,16583.9,16400.0,16523.5,58204.124,0
2022-11-25 12:00:00,16523.5,16577.9,16432.0,16505.4,63964.805,0
2022-11-25 16:00:00,16505.3,16545.6,16451.0,16516.0,34984.583,0
2022-11-25 20:00:00,16515.9,16639.9,16471.6,16516.1,39101.861,0
2022-11-26 00:00:00,16516.2,16699.1,16505.2,16615.0,51126.185,1
2022-11-26 04:00:00,16614.9,16644.3,16522.6,16576.9,37107.204,0
2022-11-26 08:00:00,16576.9,16631.5,16549.7,16572.8,32673.18,0
2022-11-26 12:00:00,16572.7,16680.0,16471.5,16506.4,60167.627,0
2022-11-26 16:00:00,16506.4,16526.0,16413.7,16480.7,34854.19,0
2022-11-26 20:00:00,16480.6,16539.9,16369.1,16449.2,37473.273,0
2022-11-27 00:00:00,16449.2,16576.1,16441.0,16520.0,29565.552,0
2022-11-27 04:00:00,16520.1,16594.2,16519.4,16553.9,27615.709,0
2022-11-27 08:00:00,16553.9,16589.0,16505.5,16544.4,31288.273,0
2022-11-27 12:00:00,16544.3,16578.4,16510.2,16566.2,27072.493,0
2022-11-27 16:00:00,16566.3,16573.5,16513.0,16546.9,21824.618,0
2022-11-27 20:00:00,16546.9,16588.0,16396.0,16422.6,52003.7,0
2022-11-28 00:00:00,16422.5,16475.0,16040.0,16168.9,147621.712,-1
2022-11-28 04:00:00,16169.0,16239.1,16131.5,16215.1,41682.953,-1
2022-11-28 08:00:00,16215.1,16262.7,16170.0,16205.0,41043.245,-1
2022-11-28 12:00:00,16205.0,16300.0,16101.6,16136.7,87235.407,-1
2022-11-28 16:00:00,16136.7,16390.4,15984.1,16215.1,154227.497,-1
2022-11-28 20:00:00,16215.2,16266.9,16181.1,16204.5,25327.055,0
2022-11-29 00:00:00,16204.6,16299.9,16088.0,16279.1,52867.266,0
2022-11-29 04:00:00,16279.1,16535.0,16272.1,16455.9,94383.908,1
2022-11-29 08:00:00,16456.0,16543.0,16422.4,16488.0,58215.199,1
2022-11-29 12:00:00,16488.0,16502.8,16312.6,16384.8,95079.754,1
2022-11-29 16:00:00,16384.9,16471.5,16335.1,16418.2,53114.858,1
2022-11-29 20:00:00,16418.1,16521.9,16415.8,16433.2,37749.869,1
2022-11-30 00:00:00,16433.3,17082.2,16421.5,16836.7,191179.202,1
2022-11-30 04:00:00,16836.8,16916.3,16811.9,16874.1,51969.614,1
2022-11-30 08:00:00,16874.1,16926.2,16830.0,16871.4,37015.75,1
2022-11-30 12:00:00,16871.3,16888.5,16750.8,16856.8,83414.941,1
2022-11-30 16:00:00,16856.8,17138.7,16700.0,17051.5,169808.829,1
2022-11-30 20:00:00,17051.5,17248.3,17018.0,17153.3,86936.614,1
2022-12-01 00:00:00,17153.4,17222.1,17080.0,17143.8,57460.869,1
2022-12-01 04:00:00,17143.8,17161.1,17054.0,17062.6,38761.809,1
2022-12-01 08:00:00,17062.5,17132.9,17030.0,17096.9,42965.272,1
2022-12-01 12:00:00,17096.9,17348.5,16887.1,16970.5,186470.492,1
2022-12-01 16:00:00,16970.5,16991.7,16893.1,16945.4,49083.591,-1
2022-12-01 20:00:00,16945.5,16982.4,16851.2,16970.5,36309.276,-1
2022-12-02 00:00:00,16970.5,17038.0,16852.4,16893.9,50361.076,0
2022-12-02 04:00:00,16893.9,16967.2,16874.0,16947.1,26262.365,0
2022-12-02 08:00:00,16947.0,17042.2,16925.3,16987.1,41920.501,0
2022-12-02 12:00:00,16987.0,17096.3,16760.0,16928.9,142491.482,0
2022-12-02 16:00:00,16928.9,16989.2,16894.0,16979.3,34314.667,0
2022-12-02 20:00:00,16979.2,17088.4,16971.8,17083.0,39689.124,0
2022-12-03 00:00:00,17083.0,17160.0,17002.5,17012.3,35341.121,0
2022-12-03 04:00:00,17012.3,17024.7,16915.7,16954.7,33256.132,0
2022-12-03 08:00:00,16954.7,16978.0,16881.4,16938.5,35412.513,0
2022-12-03 12:00:00,16938.6,16972.8,16912.0,16953.8,25135.471,0
2022-12-03 16:00:00,16953.9,16975.0,16930.1,16945.3,18122.143,0
2022-12-03 20:00:00,16945.4,16949.0,16850.1,16879.5,37989.862,-1
2022-12-04 00:00:00,16879.5,17046.0,16874.1,16951.8,38304.993,0
2022-12-04 04:00:00,16951.9,17075.9,16951.8,16987.9,37125.211,0
2022-12-04 08:00:00,16987.9,17044.9,16892.0,16938.4,41377.136,0
2022-12-04 12:00:00,16938.4,17061.6,16908.0,17022.2,52514.795,0
2022-12-04 16:00:00,17022.2,17150.0,16965.1,17077.6,84837.954,0
2022-12-04 20:00:00,17077.6,17206.2,17061.6,17099.5,37930.779,1
2022-12-05 00:00:00,17099.5,17340.0,17068.0,17190.1,86288.459,1
2022-12-05 04:00:00,17190.1,17430.0,17185.2,17303.7,113444.676,1
2022-12-05 08:00:00,17303.7,17378.3,17270.1,17302.2,54258.229,1
2022-12-05 12:00:00,17302.2,17302.2,17010.0,17073.8,117815.961,0
2022-12-05 16:00:00,17073.8,17124.6,16860.6,16919.5,107798.877,0
2022-12-05 20:00:00,16919.5,16981.1,16892.2,16958.3,40355.188,-1
2022-12-06 00:00:00,16958.2,17094.6,16957.8,16995.4,53853.208,-1
2022-12-06 04:00:00,16995.4,17013.6,16949.1,16993.6,33273.403,-1
2022-12-06 08:00:00,16993.7,17034.7,16899.9,16974.6,57639.535,-1
2022-12-06 12:00:00,16974.6,17023.3,16920.0,16974.9,69024.422,0
2022-12-06 16:00:00,16974.9,17010.0,16901.6,16964.1,56413.953,0
2022-12-06 20:00:00,16964.1,17100.0,16946.3,17078.6,51126.092,0
2022-12-07 00:00:00,17078.7,17130.0,17011.0,17017.4,42347.692,0
2022-12-07 04:00:00,17017.4,17036.6,16719.1,16755.4,97331.109,0
2022-12-07 08:00:00,16755.4,16826.0,16655.0,16787.1,68360.933,-1
2022-12-07 12:00:00,16787.2,16886.5,16754.6,16829.1,70617.018,0
2022-12-07 16:00:00,16829.1,16839.7,16768.5,16807.5,34665.52,-1
2022-12-07 20:00:00,16807.4,16856.8,16783.8,16828.0,24456.653,-1
2022-12-08 00:00:00,16828.0,16880.0,16772.5,16825.6,38479.412,0
2022-12-08 04:00:00,16825.6,16837.7,16776.9,16816.7,28765.766,0
2022-12-08 08:00:00,16816.8,16855.1,16710.4,16842.0,44048.422,0
2022-12-08 12:00:00,16842.0,16948.7,16792.8,16907.7,88430.3,0
2022-12-08 16:00:00,16907.7,17294.9,16901.0,17241.9,143901.415,1
2022-12-08 20:00:00,17241.9,17289.0,17144.6,17216.0,58532.02,1
2022-12-09 00:00:00,17216.0,17288.7,17179.1,17194.0,42568.695,1
2022-12-09 04:00:00,17194.0,17227.1,17180.5,17203.7,23222.115,1
2022-12-09 08:00:00,17203.7,17260.6,17190.5,17231.9,34072.588,1
2022-12-09 12:00:00,17231.8,17365.4,17060.0,17170.4,130055.394,0
2022-12-09 16:00:00,17170.3,17178.5,17112.0,17134.9,28838.384,0
2022-12-09 20:00:00,17135.0,17149.0,17052.0,17122.0,31474.007,0
2022-12-10 00:00:00,17122.0,17159.9,17106.5,17140.0,19761.717,0
2022-12-10 04:00:00,17140.0,17170.2,17122.0,17144.6,17751.416,0
2022-12-10 08:00:00,17144.5,17165.0,17105.0,17159.9,20902.227,0
2022-12-10 12:00:00,17159.9,17228.6,17132.0,17200.3,36351.612,0
2022-12-10 16:00:00,17200.3,17220.0,17151.0,17166.3,20946.808,0
2022-12-10 20:00:00,17166.3,17175.6,17081.0,17120.0,26181.427,0
2022-12-11 00:00:00,17120.1,17163.4,17114.0,17147.7,16510.061,0
2022-12-11 04:00:00,17147.6,17189.0,17144.7,17173.4,18948.471,0
2022-12-11 08:00:00,17173.4,17175.6,17132.4,17160.8,16708.791,0
2022-12-11 12:00:00,17160.8,17161.1,17121.0,17145.5,19880.891,0
2022-12-11 16:00:00,17145.5,17265.0,17124.9,17169.5,46356.06,0
2022-12-11 20:00:00,17169.6,17169.7,17060.0,17077.3,52599.837,0
2022-12-12 00:00:00,17077.3,17078.6,16865.0,16909.0,93215.464,-1
2022-12-12 04:00:00,16909.0,16939.0,16894.3,16916.2,27433.055,-1
2022-12-12 08:00:00,16916.2,16998.9,16895.5,16977.8,36001.638,-1
2022-12-12 12:00:00,16977.8,17050.0,16912.8,16999.9,71821.147,-1
2022-12-12 16:00:00,17000.0,17038.4,16973.9,17035.7,25169.941,0
2022-12-12 20:00:00,17035.6,17237.9,17035.6,17200.0,82215.013,0
2022-12-13 00:00:00,17200.0,17229.0,17114.6,17143.2,36929.287,1
2022-12-13 04:00:00,17143.1,17197.9,17076.0,17157.0,55625.343,1
2022-12-13 08:00:00,17156.9,17512.9,17146.7,17436.8,122406.12,1
2022-12-13 12:00:00,17436.9,18100.0,17390.3,17749.6,263224.252,1
2022-12-13 16:00:00,17749.5,17836.8,17617.9,17740.6,85131.142,1
2022-12-13 20:00:00,17740.5,17818.0,17704.5,17777.1,33535.147,1
2022-12-14 00:00:00,17777.1,17844.9,17749.5,17782.4,30721.609,1
2022-12-14 04:00:00,17782.4,17816.7,17734.8,17807.1,22263.983,1
2022-12-14 08:00:00,17807.1,17880.0,17784.0,17823.8,37760.719,0
2022-12-14 12:00:00,17823.9,18111.5,17814.0,18054.8,137064.63,1
2022-12-14 16:00:00,18054.8,18400.0,17704.3,17789.5,301024.945,1
2022-12-14 20:00:00,17789.5,17944.4,17659.4,17803.9,98675.813,0
2022-12-15 00:00:00,17804.0,17849.5,17560.0,17724.9,74507.679,0
2022-12-15 04:00:00,17724.9,17744.3,17675.9,17686.0,27803.765,0
2022-12-15 08:00:00,17685.9,17716.6,17608.0,17712.1,52699.528,-1
2022-12-15 12:00:00,17712.1,17714.6,17355.0,17424.0,146628.881,-1
2022-12-15 16:00:00,17424.0,17467.7,17310.0,17435.1,78980.398,-1
2022-12-15 20:00:00,17435.0,17449.7,17258.0,17351.8,56663.786,-1
2022-12-16 00:00:00,17351.9,17419.9,17338.3,17418.9,35550.559,-1
2022-12-16 04:00:00,17418.8,17528.0,17365.4,17496.6,41640.97,-1
2022-12-16 08:00:00,17496.6,17510.5,16910.0,17018.6,188849.287,-1
2022-12-16 12:00:00,17018.7,17076.9,16870.6,16961.8,107277.504,-1
2022-12-16 16:00:00,16961.8,16969.5,16700.0,16856.5,114774.62,-1
2022-12-16 20:00:00,16856.6,16945.6,16521.1,16624.1,134057.305,-1
2022-12-17 00:00:00,16624.1,16720.2,16571.8,16667.5,66363.998,-1
2022-12-17 04:00:00,16667.5,16764.0,16647.7,16738.0,45722.67,-1
2022-12-17 08:00:00,16737.9,16750.0,16652.3,16700.6,37850.073,-1
2022-12-17 12:00:00,16700.6,16719.4,16633.1,16692.4,40974.804,0
2022-12-17 16:00:00,16692.3,16713.4,16639.0,16684.2,23775.354,0
2022-12-17 20:00:00,16684.1,16790.0,16677.4,16768.0,33778.374,0
2022-12-18 00:00:00,16768.1,16775.0,16695.7,16736.5,19014.025,0
2022-12-18 04:00:00,16736.5,16795.0,16709.5,16739.9,26928.603,0
2022-12-18 08:00:00,16739.9,16758.7,16656.0,16702.2,35341.455,0
2022-12-18 12:00:00,16702.2,16727.9,16663.3,16676.4,25280.386,0
2022-12-18 16:00:00,16676.4,16790.0,16670.0,16745.6,41996.189,0
2022-12-18 20:00:00,16745.7,16872.0,16715.1,16730.3,37337.555,0
2022-12-19 00:00:00,16730.4,16809.6,16620.4,16673.6,49601.728,0
2022-12-19 04:00:00,16673.5,16744.0,16664.0,16714.4,28214.603,0
2022-12-19 08:00:00,16714.5,16776.6,16702.7,16725.3,27329.823,0
2022-12-19 12:00:00,16725.2,16757.7,16656.4,16660.2,54277.784,0
2022-12-19 16:00:00,16660.3,16694.9,16511.9,16549.3,97414.221,-1
2022-12-19 20:00:00,16549.3,16642.1,16210.0,16429.2,87890.393,-1
2022-12-20 00:00:00,16429.2,16880.2,16390.3,16718.0,109994.556,0
2022-12-20 04:00:00,16717.9,16870.0,16682.3,16796.1,69915.337,0
2022-12-20 08:00:00,16796.2,16853.0,16755.2,16805.1,47552.517,0
2022-12-20 12:00:00,16805.2,17049.6,16684.0,16910.9,131483.196,1
2022-12-20 16:00:00,16910.8,16927.5,16763.6,16894.7,81655.657,1
2022-12-20 20:00:00,16894.6,16918.7,16825.2,16887.2,35569.835,1
2022-12-21 00:00:00,16887.3,16918.2,16776.0,16829.8,33529.575,0
2022-12-21 04:00:00,16829.9,16848.2,16761.2,16809.2,27534.062,0
2022-12-21 08:00:00,16809.1,16889.2,16788.0,16872.4,31352.995,0
2022-12-21 12:00:00,16872.4,16924.2,16694.2,16854.6,72649.874,0
2022-12-21 16:00:00,16854.6,16858.6,16717.0,16746.8,36319.23,0
2022-12-21 20:00:00,16746.9,16830.7,16721.0,16819.6,26366.599,0
2022-12-22 00:00:00,16819.7,16852.8,16802.3,16844.5,19470.669,0
2022-12-22 04:00:00,16844.5,16850.0,16778.0,16820.0,20542.365,0
2022-12-22 08:00:00,16820.0,16861.9,16794.2,16827.6,27422.832,0
2022-12-22 12:00:00,16827.6,16837.6,16600.0,16631.5,98813.975,0
2022-12-22 16:00:00,16631.5,16662.8,16556.1,16658.3,63297.216,0
2022-12-22 20:00:00,16658.3,16849.4,16643.6,16815.5,77063.904,0
2022-12-23 00:00:00,16815.5,16895.0,16764.0,16823.5,40208.22,0
2022-12-23 04:00:00,16823.5,16849.0,16801.0,16842.0,24893.707,0
2022-12-23 08:00:00,16842.0,16887.8,16805.2,16837.4,30513.335,0
2022-12-23 12:00:00,16837.3,16960.0,16690.0,16825.9,123959.289,1
2022-12-23 16:00:00,16826.0,16852.5,16806.6,16838.5,18874.204,0
2022-12-23 20:00:00,16838.5,16843.0,16762.5,16776.4,26104.665,0
2022-12-24 00:00:00,16776.3,16834.7,16774.4,16833.3,15312.893,0
2022-12-24 04:00:00,16833.3,16850.0,16797.0,16840.3,15980.866,0
2022-12-24 08:00:00,16840.2,16841.0,16814.0,16819.2,12975.412,0
2022-12-24 12:00:00,16819.3,16832.1,16807.7,16830.2,12508.365,0
2022-12-24 16:00:00,16830.3,16859.9,16815.2,16834.6,12443.844,0
2022-12-24 20:00:00,16834.6,16847.1,16803.6,16828.9,13189.41,0
2022-12-25 00:00:00,16829.0,16844.0,16815.3,16824.0,8339.966,0
2022-12-25 04:00:00,16824.1,16826.2,16788.0,16816.8,13041.858,0
2022-12-25 08:00:00,16816.7,16828.1,16808.0,16814.9,10124.306,0
2022-12-25 12:00:00,16815.0,16850.0,16700.0,16784.1,58570.279,0
2022-12-25 16:00:00,16784.2,16811.3,16723.6,16786.7,29179.355,0
2022-12-25 20:00:00,16786.6,16840.2,16746.0,16824.4,24820.079,0
2022-12-26 00:00:00,16824.5,16892.0,16813.2,16887.1,28620.905,0
2022-12-26 04:00:00,16887.2,16919.8,16830.0,16836.6,24738.987,0
2022-12-26 08:00:00,16836.7,16863.0,16811.0,16854.0,20279.232,0
2022-12-26 12:00:00,16854.1,16858.9,16781.1,16801.2,26504.163,0
2022-12-26 16:00:00,16801.1,16856.5,16792.0,16834.9,21061.266,0
2022-12-26 20:00:00,16834.9,16936.8,16810.2,16912.9,26924.146,0
2022-12-27 00:00:00,16912.8,16968.0,16830.0,16868.1,42682.907,0
2022-12-27 04:00:00,16868.1,16888.0,16843.0,16859.6,15232.9,0
2022-12-27 08:00:00,16859.6,16874.8,16800.6,16823.7,30792.726,0
2022-12-27 12:00:00,16823.6,16833.4,16723.2,16790.7,66673.069,0
2022-12-27 16:00:00,16790.7,16795.4,16580.0,16681.3,78151.443,-1
2022-12-27 20:00:00,16681.3,16714.1,16646.3,16698.2,29295.519,-1
2022-12-28 00:00:00,16698.2,16745.0,16541.0,16643.3,58603.691,-1
2022-12-28 04:00:00,16643.2,16672.3,16580.6,16639.0,40102.069,-1
2022-12-28 08:00:00,16639.1,16683.9,16623.3,16672.0,27228.635,0
2022-12-28 12:00:00,16672.0,16778.3,16560.7,16571.3,96232.22,0
2022-12-28 16:00:00,16571.3,16660.0,16555.8,16589.6,48646.397,0
2022-12-28 20:00:00,16589.7,16607.3,16455.6,16539.0,73836.846,0
2022-12-29 00:00:00,16538.9,16588.6,16485.1,16553.2,34024.879,0
2022-12-29 04:00:00,16553.1,16575.3,16529.5,16553.0,22366.398,0
2022-12-29 08:00:00,16553.0,16628.6,16514.6,16593.8,40553.131,0
2022-12-29 12:00:00,16593.8,16659.0,16584.0,16610.1,52351.625,0
2022-12-29 16:00:00,16610.1,16647.8,16589.0,16608.1,26803.582,0
2022-12-29 20:00:00,16608.0,16649.0,16551.0,16630.3,32491.916,0
2022-12-30 00:00:00,16630.3,16641.1,16576.3,16593.9,19882.213,0
2022-12-30 04:00:00,16593.9,16608.5,16410.0,16467.5,62732.71,0
2022-12-30 08:00:00,16467.6,16524.9,16453.0,16489.5,38916.057,0
2022-12-30 12:00:00,16489.6,16568.5,16320.0,16547.7,104487.149,-1
2022-12-30 16:00:00,16547.7,16569.8,16510.0,16520.8,34830.474,0
2022-12-30 20:00:00,16520.8,16666.6,16520.5,16601.2,34781.887,0
2022-12-31 00:00:00,16601.2,16611.5,16546.5,16549.1,15952.362,0
2022-12-31 04:00:00,16549.0,16565.6,16530.0,16564.4,15304.144,0
2022-12-31 08:00:00,16564.4,16581.8,16538.0,16565.6,18890.316,0
2022-12-31 12:00:00,16565.5,16640.0,16546.2,16586.0,37418.928,0
2022-12-31 16:00:00,16586.1,16609.3,16562.0,16564.3,15398.52,0
2022-12-31 20:00:00,16564.3,16569.7,16461.8,16537.6,31497.886,0
2023-01-01 00:00:00,16537.5,16557.1,16504.0,16529.3,14206.373,0
2023-01-01 04:00:00,16529.2,16545.7,16488.0,16519.6,17998.501,0
2023-01-01 08:00:00,16519.5,16549.8,16496.8,16549.8,15117.276,0
2023-01-01 12:00:00,16549.8,16565.9,16524.6,16553.1,15542.884,0
2023-01-01 16:00:00,16553.0,16615.8,16552.6,16596.1,25971.416,0
2023-01-01 20:00:00,16596.1,16618.8,16579.1,16610.3,16666.515,0
2023-01-02 00:00:00,16610.4,16700.7,16541.2,16654.6,36641.746,0
2023-01-02 04:00:00,16654.7,16767.8,16612.8,16712.5,53335.472,1
2023-01-02 08:00:00,16712.6,16764.0,16696.0,16728.5,37550.631,1
2023-01-02 12:00:00,16728.4,16744.8,16665.0,16729.2,35861.236,0
2023-01-02 16:00:00,16729.2,16732.9,16702.6,16730.5,16549.997,0
2023-01-02 20:00:00,16730.5,16799.0,16650.0,16666.0,35222.094,0
2023-01-03 00:00:00,16665.9,16699.7,16639.5,16684.5,22052.463,0
2023-01-03 04:00:00,16684.4,16774.0,16675.2,16723.1,29397.355,0
2023-01-03 08:00:00,16723.1,16750.5,16691.7,16714.2,22008.402,0
2023-01-03 12:00:00,16714.2,16764.9,16610.0,16670.8,73811.27,0
2023-01-03 16:00:00,16670.9,16680.1,16600.3,16637.7,35119.476,0
2023-01-03 20:00:00,16637.6,16688.2,16636.0,16667.2,20681.239,0
2023-01-04 00:00:00,16667.3,16870.0,16645.7,16855.9,70080.094,0
2023-01-04 04:00:00,16855.9,16904.4,16832.3,16862.5,44883.714,0
2023-01-04 08:00:00,16862.5,16913.6,16824.5,16826.8,34682.195,1
2023-01-04 12:00:00,16826.7,16852.1,16759.3,16846.5,60474.144,0
2023-01-04 16:00:00,16846.5,16984.6,16777.7,16835.9,109451.837,1
2023-01-04 20:00:00,16835.9,16860.9,16766.0,16842.1,30175.854,0
2023-01-05 00:00:00,16842.2,16869.0,16800.0,16819.0,19519.003,0
2023-01-05 04:00:00,16819.0,16840.7,16782.4,16816.1,16536.812,0
2023-01-05 08:00:00,16816.1,16830.0,16775.1,16827.0,23157.987,0
2023-01-05 12:00:00,16827.0,16872.8,16740.4,16836.6,68886.546,0
2023-01-05 16:00:00,16836.7,16867.8,16794.0,16856.4,29189.477,0
2023-01-05 20:00:00,16856.3,16863.4,16810.0,16823.8,19079.522,0
2023-01-06 00:00:00,16823.8,16865.0,16795.6,16825.1,21068.091,0
2023-01-06 04:00:00,16825.0,16828.0,16773.0,16785.6,23858.147,0
2023-01-06 08:00:00,16785.6,16805.3,16685.2,16731.4,43531.809,0
2023-01-06 12:00:00,16731.5,16843.0,16664.8,16834.2,102292.922,0
2023-01-06 16:00:00,16834.1,16960.0,16801.6,16932.6,57987.086,0
2023-01-06 20:00:00,16932.7,17030.0,16881.0,16943.8,68235.574,0
2023-01-07 00:00:00,16943.9,16973.6,16924.8,16944.4,18044.048,0
2023-01-07 04:00:00,16944.3,16945.0,16915.8,16939.8,10556.131,1
2023-01-07 08:00:00,16939.8,16946.4,16903.0,16912.3,13458.257,1
2023-01-07 12:00:00,16912.3,16944.0,16900.1,16934.5,16729.551,0
2023-01-07 16:00:00,16934.5,16939.6,16910.4,16937.3,9360.224,0
2023-01-07 20:00:00,16937.3,16945.8,16922.9,16936.5,9824.894,0
2023-01-08 00:00:00,16936.5,16949.3,16905.0,16939.0,15067.481,0
2023-01-08 04:00:00,16938.9,16947.5,16927.5,16945.5,7997.895,0
2023-01-08 08:00:00,16945.5,16960.0,16917.8,16918.6,15529.951,0
2023-01-08 12:00:00,16918.5,17015.6,16912.7,16991.0,27054.754,0
2023-01-08 16:00:00,16990.9,17015.1,16910.2,16920.3,31184.044,0
2023-01-08 20:00:00,16920.3,17181.1,16916.5,17124.7,60883.193,0
2023-01-09 00:00:00,17124.6,17245.1,17098.2,17188.1,85195.766,1
2023-01-09 04:00:00,17188.1,17248.0,17171.7,17189.7,35863.212,1
2023-01-09 08:00:00,17189.8,17277.7,17180.0,17232.2,50754.112,1
2023-01-09 12:00:00,17232.2,17325.0,17181.9,17260.4,80374.648,1
2023-01-09 16:00:00,17260.4,17387.8,17259.6,17285.7,77463.239,1
2023-01-09 20:00:00,17285.6,17302.3,17118.3,17169.7,70626.832,0
2023-01-10 00:00:00,17169.6,17227.7,17140.4,17199.9,27484.953,0
2023-01-10 04:00:00,17199.9,17228.0,17181.8,17194.7,18254.506,0
2023-01-10 08:00:00,17194.6,17278.0,17181.2,17244.4,37043.974,0
2023-01-10 12:00:00,17244.3,17368.7,17204.4,17317.5,92804.006,0
2023-01-10 16:00:00,17317.6,17448.0,17273.3,17424.1,73564.943,0
2023-01-10 20:00:00,17424.1,17485.4,17393.3,17428.8,48167.989,1
2023-01-11 00:00:00,17428.8,17500.0,17360.0,17407.7,42391.318,1
2023-01-11 04:00:00,17407.7,17456.0,17380.0,17437.1,25910.734,1
2023-01-11 08:00:00,17437.1,17464.0,17399.5,17428.7,24797.868,0
2023-01-11 12:00:00,17428.6,17429.7,17306.4,17325.3,62512.096,0
2023-01-11 16:00:00,17325.2,17550.9,17320.3,17540.6,86222.612,0
2023-01-11 20:00:00,17540.7,18013.2,17501.4,17935.7,144442.478,1
2023-01-12 00:00:00,17935.6,18400.0,17902.4,18217.2,167796.474,1
2023-01-12 04:00:00,18217.1,18233.0,18070.0,18129.3,51547.124,1
2023-01-12 08:00:00,18129.2,18220.0,18062.0,18194.5,45869.521,1
2023-01-12 12:00:00,18194.4,18377.4,17907.3,18077.7,322077.479,1
2023-01-12 16:00:00,18077.6,19062.5,18045.7,18877.2,328471.599,1
2023-01-12 20:00:00,18877.3,19120.0,18758.5,18838.0,124572.563,1
2023-01-13 00:00:00,18838.1,18881.7,18711.0,18871.6,48452.132,1
2023-01-13 04:00:00,18871.5,18875.4,18770.5,18817.7,30968.56,1
2023-01-13 08:00:00,18817.7,19050.0,18803.9,18911.7,102429.252,1
2023-01-13 12:00:00,18911.7,19299.2,18801.4,19252.5,200754.386,1
2023-01-13 16:00:00,19252.6,19398.0,19053.0,19354.2,170550.15,1
2023-01-13 20:00:00,19354.1,19997.8,19307.4,19924.2,253653.352,1
2023-01-14 00:00:00,19924.3,21544.0,19882.6,20996.3,400698.97,1
2023-01-14 04:00:00,20996.2,21060.0,20801.3,20913.1,75865.279,1
2023-01-14 08:00:00,20913.0,21045.0,20257.3,20733.4,208916.952,1
2023-01-14 12:00:00,20733.3,21240.0,20544.0,20796.9,186889.05,1
2023-01-14 16:00:00,20796.9,20930.5,20670.7,20796.8,78649.063,1
2023-01-14 20:00:00,20796.8,21092.0,20773.9,20962.8,59647.369,1
2023-01-15 00:00:00,20962.8,21012.0,20556.0,20736.5,96644.108,0
2023-01-15 04:00:00,20736.5,20798.0,20673.9,20750.0,34775.593,0
2023-01-15 08:00:00,20750.1,20780.0,20581.4,20737.4,63521.557,-1
2023-01-15 12:00:00,20737.4,21028.0,20661.1,20925.0,82803.419,0
2023-01-15 16:00:00,20925.0,21073.8,20670.0,20877.2,106046.834,0
2023-01-15 20:00:00,20877.3,20970.0,20750.0,20882.7,44695.048,0
2023-01-16 00:00:00,20882.7,21449.3,20780.2,21084.3,175273.721,1
2023-01-16 04:00:00,21084.3,21276.0,21048.0,21116.0,55958.607,1
2023-01-16 08:00:00,21116.0,21121.7,20619.0,20821.7,101732.641,0
2023-01-16 12:00:00,20821.8,21079.9,20606.6,21000.6,114395.111,0
2023-01-16 16:00:00,21000.6,21431.0,20921.0,21314.4,133530.799,1
2023-01-16 20:00:00,21314.5,21498.0,21056.0,21188.3,85257.322,0
2023-01-17 00:00:00,21188.2,21308.9,20827.8,21129.6,81669.204,0
2023-01-17 04:00:00,21129.6,21237.0,21062.1,21134.7,40393.627,1
2023-01-17 08:00:00,21134.8,21252.0,21077.7,21218.6,49711.091,1
2023-01-17 12:00:00,21218.6,21640.0,21024.3,21175.6,233119.434,0
2023-01-17 16:00:00,21175.7,21426.0,21080.3,21337.2,86362.443,0
2023-01-17 20:00:00,21337.3,21410.8,21123.1,21130.9,56134.794,0
2023-01-18 00:00:00,21130.8,21376.3,21103.6,21254.1,58477.632,0
2023-01-18 04:00:00,21254.1,21317.9,21226.6,21307.7,26297.724,0
2023-01-18 08:00:00,21307.8,21318.1,21132.1,21201.6,45098.726,0
2023-01-18 12:00:00,21201.7,21672.0,20810.0,21035.5,269472.012,0
2023-01-18 16:00:00,21035.5,21138.0,20386.0,20905.1,320910.719,-1
2023-01-18 20:00:00,20905.0,20937.8,20621.1,20680.0,93528.704,-1
2023-01-19 00:00:00,20680.1,20822.0,20659.9,20748.9,43011.055,-1
2023-01-19 04:00:00,20748.9,20882.0,20745.1,20818.2,31250.694,-1
2023-01-19 08:00:00,20818.2,20848.0,20707.4,20741.3,39443.519,-1
2023-01-19 12:00:00,20741.3,20962.7,20661.0,20870.7,108038.963,0
2023-01-19 16:00:00,20870.8,21140.0,20786.8,21090.0,86336.685,0
2023-01-19 20:00:00,21090.1,21183.9,20913.4,21068.3,66652.701,1
2023-01-20 00:00:00,21068.3,21223.2,21011.4,21086.2,49417.658,1
2023-01-20 04:00:00,21086.2,21125.0,20856.4,20954.2,54029.169,1
2023-01-20 08:00:00,20954.1,20991.9,20895.4,20957.6,33135.271,0
2023-01-20 12:00:00,20957.5,21250.0,20952.2,21139.7,103649.424,0
2023-01-20 16:00:00,21139.7,21535.0,21136.1,21494.2,157224.305,1
2023-01-20 20:00:00,21494.1,22750.0,21493.8,22661.1,326189.373,1
2023-01-21 00:00:00,22661.0,22812.4,22422.0,22541.7,91102.531,1
2023-01-21 04:00:00,22541.8,22678.6,22511.2,22631.5,32823.977,1
2023-01-21 08:00:00,22631.6,23330.0,22555.0,22903.5,266330.182,1
2023-01-21 12:00:00,22903.5,23288.0,22847.8,22996.2,145710.162,1
2023-01-21 16:00:00,22996.2,23390.0,22980.0,23271.9,130707.129,1
2023-01-21 20:00:00,23271.9,23298.2,22670.0,22781.9,98007.119,1
2023-01-22 00:00:00,22781.8,22974.3,22600.2,22766.1,77074.223,0
2023-01-22 04:00:00,22766.0,22967.0,22720.0,22893.2,41651.721,0
2023-01-22 08:00:00,22893.2,22934.1,22733.0,22785.5,45038.944,-1
2023-01-22 12:00:00,22785.6,23080.2,22631.1,22792.9,106358.408,-1
2023-01-22 16:00:00,22793.0,22962.8,22681.0,22720.0,72710.666,0
2023-01-22 20:00:00,22720.0,22770.0,22287.0,22704.6,139695.849,-1
2023-01-23 00:00:00,22704.7,22825.9,22645.6,22657.6,47573.102,0
2023-01-23 04:00:00,22657.6,22793.3,22596.8,22692.4,36713.329,0
2023-01-23 08:00:00,22692.4,22960.0,22661.9,22906.5,68826.107,0
2023-01-23 12:00:00,22906.4,23160.0,22500.0,22852.0,183939.268,0
2023-01-23 16:00:00,22852.1,23193.1,22653.0,22789.6,135640.765,1
2023-01-23 20:00:00,22789.6,23043.9,22756.1,22913.1,53110.269,0
2023-01-24 00:00:00,22913.3,23142.0,22863.3,23078.2,51857.971,1
2023-01-24 04:00:00,23078.2,23158.7,23000.0,23052.3,37575.8,1
2023-01-24 08:00:00,23052.3,23086.4,22760.0,22912.0,80599.104,0
2023-01-24 12:00:00,22912.1,23036.0,22677.9,22924.0,126440.595,0
2023-01-24 16:00:00,22924.0,23085.1,22782.0,23015.0,67270.843,0
2023-01-24 20:00:00,23015.1,23073.6,22450.0,22627.4,141871.503,-1
2023-01-25 00:00:00,22627.5,22699.0,22310.5,22641.0,97898.966,-1
2023-01-25 04:00:00,22641.1,22766.7,22600.0,22703.9,34838.121,-1
2023-01-25 08:00:00,22703.9,22730.0,22460.8,22595.9,57559.621,-1
2023-01-25 12:00:00,22595.8,22747.1,22327.2,22573.3,127913.984,-1
2023-01-25 16:00:00,22573.4,22757.0,22508.1,22743.4,64912.438,0
2023-01-25 20:00:00,22743.4,23837.4,22743.4,23060.6,309663.477,1
2023-01-26 00:00:00,23060.6,23278.7,23040.1,23129.4,61160.895,1
2023-01-26 04:00:00,23129.5,23189.3,22885.7,22961.3,50565.793,1
2023-01-26 08:00:00,22961.3,23041.1,22843.8,22985.4,54116.524,1
2023-01-26 12:00:00,22985.4,23241.9,22856.0,22947.3,155481.049,1
2023-01-26 16:00:00,22947.2,23099.1,22850.0,23063.4,64169.464,-1
2023-01-26 20:00:00,23063.4,23161.0,22955.0,23001.9,42267.061,0
2023-01-27 00:00:00,23001.9,23068.7,22516.6,22762.2,86055.897,-1
2023-01-27 04:00:00,22762.2,23098.0,22750.0,23068.1,58836.674,0
2023-01-27 08:00:00,23068.1,23080.0,22900.1,22964.5,38844.896,0
2023-01-27 12:00:00,22964.4,23145.3,22830.0,22928.8,121070.961,0
2023-01-27 16:00:00,22928.8,23280.2,22919.0,23246.7,84096.917,0
2023-01-27 20:00:00,23246.8,23500.0,22940.0,23068.0,121014.962,1
2023-01-28 00:00:00,23068.1,23185.0,23033.9,23109.0,30607.076,0
2023-01-28 04:00:00,23108.9,23124.3,22942.9,22984.3,29492.397,0
2023-01-28 08:00:00,22984.3,23011.4,22880.0,22973.4,36651.176,0
2023-01-28 12:00:00,22973.4,23038.0,22870.8,23004.7,49477.228,0
2023-01-28 16:00:00,23004.6,23050.6,22968.1,23033.1,19771.548,0
2023-01-28 20:00:00,23033.2,23036.2,22935.1,23015.9,20401.518,0
2023-01-29 00:00:00,23016.0,23520.0,22961.5,23190.0,125541.185,0
2023-01-29 04:00:00,23190.0,23266.0,23143.1,23200.4,26823.648,1
2023-01-29 08:00:00,23200.4,23680.0,23151.0,23430.0,114678.629,1
2023-01-29 12:00:00,23430.0,23675.8,23351.6,23522.7,88615.332,1
2023-01-29 16:00:00,23522.7,23962.7,23473.7,23896.6,134522.96,1
2023-01-29 20:00:00,23896.5,23910.1,23600.0,23740.3,71846.477,1
2023-01-30 00:00:00,23740.2,23804.6,23568.0,23700.8,50623.845,1
2023-01-30 04:00:00,23700.8,23767.0,23600.0,23648.1,35817.696,1
2023-01-30 08:00:00,23648.0,23678.6,23001.0,23075.2,178463.464,0
2023-01-30 12:00:00,23075.2,23295.8,22930.0,23178.6,114367.727,-1
2023-01-30 16:00:00,23178.6,23247.0,22600.0,22783.7,110669.265,-1
2023-01-30 20:00:00,22783.6,22837.0,22484.2,22819.9,82595.41,-1
2023-01-31 00:00:00,22819.9,22913.6,22715.3,22826.7,45917.886,-1
2023-01-31 04:00:00,22826.6,22980.0,22735.5,22967.7,43431.989,-1
2023-01-31 08:00:00,22967.7,22986.8,22803.0,22856.9,46060.1,0
2023-01-31 12:00:00,22857.0,23200.0,22843.4,23113.9,113354.585,0
2023-01-31 16:00:00,23114.0,23221.6,23072.8,23154.6,49408.861,1
2023-01-31 20:00:00,23154.6,23330.0,22804.0,23119.4,105553.545,1
2023-02-01 00:00:00,23119.5,23177.7,22988.0,23127.3,41016.975,0
2023-02-01 04:00:00,23127.4,23160.4,23011.5,23071.0,33068.509,0
2023-02-01 08:00:00,23070.9,23100.0,22911.3,23076.1,50557.37,0
2023-02-01 12:00:00,23076.1,23143.6,22935.3,22975.7,71259.336,0
2023-02-01 16:00:00,22975.6,23495.0,22747.0,23379.9,215468.368,0
2023-02-01 20:00:00,23379.8,23852.4,23320.0,23730.0,160059.153,1
2023-02-02 00:00:00,23730.1,24281.4,23694.5,23852.2,136849.095,1
2023-02-02 04:00:00,23852.1,23927.5,23660.0,23787.0,48942.495,1
2023-02-02 08:00:00,23787.0,23860.0,23750.4,23827.0,34286.886,1
2023-02-02 12:00:00,23827.0,23950.0,23520.0,23843.3,152792.644,1
2023-02-02 16:00:00,23843.4,24149.0,23723.5,23804.9,131579.732,1
2023-02-02 20:00:00,23804.8,23933.5,23365.0,23493.1,111289.486,-1
2023-02-03 00:00:00,23493.0,23592.0,23412.0,23534.9,53873.247,-1
2023-02-03 04:00:00,23535.0,23568.5,23450.0,23457.1,25571.08,-1
2023-02-03 08:00:00,23457.1,23540.0,23328.8,23532.9,57784.896,-1
2023-02-03 12:00:00,23532.9,23712.7,23222.0,23601.1,189870.022,-1
2023-02-03 16:00:00,23601.1,23719.9,23296.4,23308.2,91933.801,0
2023-02-03 20:00:00,23308.2,23465.4,23201.0,23424.7,51798.392,0
2023-02-04 00:00:00,23424.7,23464.0,23330.1,23340.8,26184.717,0
2023-02-04 04:00:00,23340.8,23358.2,23250.0,23322.4,28301.188,0
2023-02-04 08:00:00,23322.4,23376.8,23288.3,23359.2,19759.758,0
2023-02-04 12:00:00,23359.2,23591.4,23335.4,23420.1,70032.864,0
2023-02-04 16:00:00,23420.1,23474.4,23355.0,23427.3,25724.048,0
2023-02-04 20:00:00,23427.4,23450.0,23258.0,23322.6,27115.818,0
2023-02-05 00:00:00,23322.6,23367.5,23211.0,23343.4,34347.877,0
2023-02-05 04:00:00,23343.3,23436.0,23327.5,23377.0,20096.361,0
2023-02-05 08:00:00,23377.0,23418.7,23344.6,23354.1,20554.304,0
2023-02-05 12:00:00,23354.2,23373.6,23000.0,23094.2,103064.491,0
2023-02-05 16:00:00,23094.2,23155.5,22741.0,22889.5,131414.742,-1
2023-02-05 20:00:00,22889.6,23025.0,22787.8,22929.2,47187.259,-1
2023-02-06 00:00:00,22929.3,23094.0,22817.1,22891.9,41294.353,-1
2023-02-06 04:00:00,22892.0,22924.0,22600.0,22873.0,59449.417,-1
2023-02-06 08:00:00,22873.1,22935.0,22733.9,22876.1,48625.312,-1
2023-02-06 12:00:00,22876.1,23054.9,22735.0,23040.5,94677.28,0
2023-02-06 16:00:00,23040.5,23159.4,22922.2,23026.2,105678.626,0
2023-02-06 20:00:00,23026.3,23026.3,22622.1,22757.7,67435.155,0
2023-02-07 00:00:00,22757.8,22897.2,22742.4,22870.9,36711.889,0
2023-02-07 04:00:00,22870.9,22977.8,22854.8,22905.6,30656.926,0
2023-02-07 08:00:00,22905.5,23061.0,22854.8,22970.4,48655.029,0
2023-02-07 12:00:00,22970.4,23032.1,22869.0,22898.8,52655.275,0
2023-02-07 16:00:00,22898.9,23368.6,22762.0,23086.1,209739.145,1
2023-02-07 20:00:00,23086.1,23300.0,23024.3,23234.1,68855.23,1
2023-02-08 00:00:00,23234.1,23450.0,23220.3,23250.6,49143.645,1
2023-02-08 04:00:00,23250.5,23283.5,23173.7,23226.9,24682.484,1
2023-02-08 08:00:00,23227.0,23232.2,23123.1,23152.8,32606.039,0
2023-02-08 12:00:00,23152.8,23194.3,22849.9,22862.4,103077.568,0
2023-02-08 16:00:00,22862.4,23029.9,22662.9,22867.3,131915.737,-1
2023-02-08 20:00:00,22867.4,22977.0,22766.4,22955.9,42040.008,-1
2023-02-09 00:00:00,22955.9,23007.8,22407.5,22511.6,114802.191,-1
2023-02-09 04:00:00,22511.6,22731.8,22341.1,22668.7,83990.713,-1
2023-02-09 08:00:00,22668.8,22766.0,22648.1,22677.4,42168.627,-1
2023-02-09 12:00:00,22677.5,22840.0,22550.0,22603.8,112744.024,0
2023-02-09 16:00:00,22603.8,22614.7,21862.1,22027.3,212791.892,-1
2023-02-09 20:00:00,22027.3,22074.5,21684.7,21793.4,165797.903,-1
2023-02-10 00:00:00,21793.3,21933.8,21751.1,21817.5,45873.626,-1
2023-02-10 04:00:00,21817.5,21914.0,21595.8,21901.9,68530.266,-1
2023-02-10 08:00:00,21902.0,21917.8,21707.2,21726.6,48382.894,-1
2023-02-10 12:00:00,21726.7,21897.0,21484.0,21649.0,120581.027,-1
2023-02-10 16:00:00,21648.9,21794.4,21550.1,21764.0,86735.68,0
2023-02-10 20:00:00,21764.0,21785.4,21405.0,21618.6,69883.004,-1
2023-02-11 00:00:00,21618.6,21718.8,21594.4,21668.8,34549.115,0
2023-02-11 04:00:00,21668.8,21704.9,21630.6,21681.9,17658.503,0
2023-02-11 08:00:00,21681.9,21696.2,21646.6,21689.2,16676.368,0
2023-02-11 12:00:00,21689.2,21770.0,21651.1,21727.0,37452.033,0
2023-02-11 16:00:00,21726.9,21728.7,21600.0,21652.6,34876.801,0
2023-02-11 20:00:00,21652.6,21891.9,21635.5,21851.3,48036.847,0
2023-02-12 00:00:00,21851.2,21874.7,21752.9,21772.1,23886.521,0
2023-02-12 04:00:00,21772.1,21806.9,21754.0,21788.2,13809.719,0
2023-02-12 08:00:00,21788.2,21959.0,21788.1,21877.6,38816.768,0
2023-02-12 12:00:00,21877.6,22000.5,21750.0,21931.4,66423.472,0
2023-02-12 16:00:00,21931.4,22080.9,21901.0,21983.1,57543.929,1
2023-02-12 20:00:00,21983.1,22018.5,21618.0,21771.1,76306.684,0
2023-02-13 00:00:00,21771.0,21865.4,21606.0,21800.9,67134.107,0
2023-02-13 04:00:00,21800.9,21888.0,21781.5,21857.2,37460.868,0
2023-02-13 08:00:00,21857.1,21865.1,21410.0,21595.9,140932.155,-1
2023-02-13 12:00:00,21595.9,21688.0,21544.8,21553.3,76257.797,-1
2023-02-13 16:00:00,21553.3,21668.0,21338.0,21597.8,134846.671,-1
2023-02-13 20:00:00,21597.9,21840.0,21552.5,21766.2,54964.095,0
2023-02-14 00:00:00,21766.1,21806.5,21670.8,21691.8,31405.193,0
2023-02-14 04:00:00,21691.8,21780.0,21676.5,21759.9,24174.292,0
2023-02-14 08:00:00,21760.0,21880.0,21659.1,21798.9,47434.581,0
2023-02-14 12:00:00,21798.9,22320.0,21485.2,22033.3,325421.325,1
2023-02-14 16:00:00,22033.4,22230.8,21910.2,22196.7,121281.491,1
2023-02-14 20:00:00,22196.8,22275.0,22110.4,22187.4,49074.627,1
2023-02-15 00:00:00,22187.4,22190.8,22038.5,22088.9,35580.16,1
2023-02-15 04:00:00,22088.9,22164.4,22061.2,22097.5,23896.173,1
2023-02-15 08:00:00,22097.4,22500.0,22075.9,22433.0,86066.327,1
2023-02-15 12:00:00,22433.0,22924.9,22432.9,22798.1,207159.107,1
2023-02-15 16:00:00,22798.0,23345.7,22730.1,23310.6,165039.216,1
2023-02-15 20:00:00,23310.6,24420.0,23285.9,24332.6,306935.488,1
2023-02-16 00:00:00,24332.7,24934.1,24287.0,24741.0,149506.526,1
2023-02-16 04:00:00,24741.0,24764.6,24427.0,24630.8,85116.457,1
2023-02-16 08:00:00,24630.8,24678.0,24520.9,24580.0,48543.148,1
2023-02-16 12:00:00,24580.0,25104.8,24312.0,25090.2,214278.319,1
2023-02-16 16:00:00,25090.2,25290.0,24620.0,24879.0,224316.013,1
2023-02-16 20:00:00,24879.1,24884.1,23518.0,23526.6,237702.696,-1
2023-02-17 00:00:00,23526.6,23924.7,23350.0,23839.1,125666.63,-1
2023-02-17 04:00:00,23839.0,23885.7,23612.0,23636.0,59676.035,-1
2023-02-17 08:00:00,23635.9,23870.0,23520.0,23792.6,80667.332,-1
2023-02-17 12:00:00,23792.6,24293.6,23701.1,24131.4,225818.466,-1
2023-02-17 16:00:00,24131.3,24562.9,23916.0,24526.7,205070.186,0
2023-02-17 20:00:00,24526.8,25043.2,24031.1,24581.5,225818.499,1
2023-02-18 00:00:00,24581.3,24799.2,24502.6,24619.9,50759.107,1
2023-02-18 04:00:00,24619.9,24684.8,24430.6,24522.8,34345.925,1
2023-02-18 08:00:00,24522.7,24614.0,24436.4,24525.6,36886.129,1
2023-02-18 12:00:00,24525.7,24750.0,24494.4,24670.0,55534.135,1
2023-02-18 16:00:00,24670.0,24887.5,24564.0,24610.1,61293.542,0
2023-02-18 20:00:00,24610.0,24673.4,24516.7,24636.9,22736.718,0
2023-02-19 00:00:00,24636.8,24777.0,24626.5,24687.0,29006.051,0
2023-02-19 04:00:00,24687.0,24867.6,24553.6,24576.7,59061.967,0
2023-02-19 08:00:00,24576.6,24710.4,24556.9,24665.4,34964.341,0
2023-02-19 12:00:00,24665.3,25073.5,24655.7,24929.7,103284.266,0
2023-02-19 16:00:00,24929.7,25200.0,24259.2,24512.5,235530.475,0
2023-02-19 20:00:00,24512.5,24578.4,24179.4,24265.9,81659.528,-1
2023-02-20 00:00:00,24265.9,24471.1,23827.0,24414.9,127984.816,-1
2023-02-20 04:00:00,24414.9,24555.5,24398.7,24500.1,50498.564,0
2023-02-20 08:00:00,24500.1,24990.0,24361.2,24895.9,159438.885,0
2023-02-20 12:00:00,24896.0,25140.0,24720.2,24944.6,167345.352,0
2023-02-20 16:00:00,24944.7,24955.1,24585.1,24878.5,102254.274,1
2023-02-20 20:00:00,24878.4,24891.5,24651.2,24849.9,38879.181,1
2023-02-21 00:00:00,24849.9,25120.0,24787.2,24926.2,76679.867,1
2023-02-21 04:00:00,24926.2,25053.9,24855.2,25004.6,46758.131,1
2023-02-21 08:00:00,25004.6,25347.6,24525.0,24572.6,217844.464,0
2023-02-21 12:00:00,24572.6,24786.6,24388.0,24554.0,141571.537,0
2023-02-21 16:00:00,24554.0,24745.0,24267.2,24607.7,140748.886,-1
2023-02-21 20:00:00,24607.7,24640.2,24150.0,24443.4,105687.69,-1
2023-02-22 00:00:00,24443.3,24468.5,23851.5,24198.8,128324.856,-1
2023-02-22 04:00:00,24198.7,24220.2,23925.5,24059.6,84541.648,-1
2023-02-22 08:00:00,24059.5,24215.9,23855.3,24156.4,93248.828,-1
2023-02-22 12:00:00,24156.4,24231.7,23621.0,23707.8,185032.015,-1
2023-02-22 16:00:00,23707.5,23970.0,23572.0,23781.7,157258.798,-1
2023-02-22 20:00:00,23781.7,24209.6,23730.0,24171.3,82007.956,0
2023-02-23 00:00:00,24171.3,24588.0,24115.0,24444.3,105146.844,1
2023-02-23 04:00:00,24444.3,24516.0,24301.1,24365.3,53133.37,1
2023-02-23 08:00:00,24365.2,24483.0,23630.0,23767.6,159754.629,0
2023-02-23 12:00:00,23767.6,24215.0,23590.0,23940.0,246653.668,0
2023-02-23 16:00:00,23940.0,24047.4,23711.5,23962.2,126451.88,0
2023-02-23 20:00:00,23962.3,24061.6,23750.0,23928.8,60199.023,-1
2023-02-24 00:00:00,23928.7,24138.6,23879.0,23945.1,59502.415,-1
2023-02-24 04:00:00,23945.1,23974.6,23754.0,23821.5,55400.746,0
2023-02-24 08:00:00,23821.6,23970.0,23741.5,23876.4,60283.249,0
2023-02-24 12:00:00,23876.3,24029.3,23310.5,23337.2,231721.267,0
2023-02-24 16:00:00,23337.1,23339.3,22800.0,23172.3,235087.972,-1
2023-02-24 20:00:00,23172.3,23333.0,22966.0,23175.6,89582.293,-1
2023-02-25 00:00:00,23175.5,23210.5,23032.0,23064.9,32612.85,-1
2023-02-25 04:00:00,23064.9,23119.1,23010.1,23108.7,26914.175,-1
2023-02-25 08:00:00,23108.7,23147.6,22897.4,22974.0,59947.25,-1
2023-02-25 12:00:00,22973.9,23075.0,22845.6,22996.4,61274.986,0
2023-02-25 16:00:00,22996.4,23078.7,22905.0,22975.7,46659.541,0
2023-02-25 20:00:00,22975.7,23176.1,22700.0,23146.2,83386.846,0
2023-02-26 00:00:00,23146.2,23243.2,23050.0,23201.8,38352.322,0
2023-02-26 04:00:00,23201.8,23217.8,23077.2,23142.7,31491.179,0
2023-02-26 08:00:00,23142.8,23286.5,23102.8,23244.2,42192.201,1
2023-02-26 12:00:00,23244.2,23332.4,23115.4,23239.7,63502.842,1
2023-02-26 16:00:00,23239.8,23533.0,23130.0,23491.0,93742.282,1
2023-02-26 20:00:00,23491.0,23675.0,23310.0,23545.3,102114.23,1
2023-02-27 00:00:00,23545.2,23634.9,23424.4,23541.0,47678.291,1
2023-02-27 04:00:00,23541.0,23547.0,23331.0,23411.1,53778.498,1
2023-02-27 08:00:00,23411.1,23445.9,23320.0,23420.0,46822.503,0
2023-02-27 12:00:00,23419.9,23888.0,23369.1,23546.5,184987.748,1
2023-02-27 16:00:00,23546.5,23603.9,23140.0,23262.5,166667.763,0
2023-02-27 20:00:00,23262.5,23580.0,23088.0,23480.0,76820.163,0
2023-02-28 00:00:00,23480.0,23539.0,23336.0,23454.3,44084.232,0
2023-02-28 04:00:00,23454.3,23456.2,23210.0,23223.3,44074.367,0
2023-02-28 08:00:00,23223.4,23420.0,23190.2,23381.6,51908.37,-1
2023-02-28 12:00:00,23381.5,23571.1,23300.5,23511.2,126298.911,0
2023-02-28 16:00:00,23511.1,23592.8,23195.1,23251.0,90462.656,0
2023-02-28 20:00:00,23251.1,23333.4,23010.0,23129.6,100091.302,-1
2023-03-01 00:00:00,23129.7,23488.2,23008.4,23431.6,94869.432,0
2023-03-01 04:00:00,23431.6,23852.6,23414.8,23709.6,119744.837,1
2023-03-01 08:00:00,23709.6,24022.7,23670.3,23736.8,87997.318,1
2023-03-01 12:00:00,23736.9,23880.0,23558.0,23702.8,137452.515,1
2023-03-01 16:00:00,23702.9,23739.0,23316.3,23342.9,97637.359,1
2023-03-01 20:00:00,23342.8,23667.5,23281.6,23619.8,79548.85,0
2023-03-02 00:00:00,23619.8,23790.5,23414.1,23487.1,66503.537,0
2023-03-02 04:00:00,23487.1,23535.9,23325.0,23381.9,49671.496,-1
2023-03-02 08:00:00,23381.8,23460.0,23340.0,23353.0,35129.751,-1
